<!-- in the star wars mod, race 3 has been replaced with the imperial navy -->

<!-- Light Imperial Carrier -->

  <vessel    uniqueID="3001"    side="3"       classname="Light Carrier" broadType="carrier">
    <art     meshfile="star_destroyer.dxs"    diffuseFile="star_destroyer_diffuse.png"
             glowFile="star_destroyer_glow.png"    specularFile="star_destroyer_spec.png"  scale=".55" pushRadius="300"/>
			 
    <shields front="120" back="120"/>
	
    <performance turnrate="0.003" topspeed="0.3"/>
	
    <carrierload baycount="5"/>
	
    <fleet_ai commonality="50"/>
	
    <beam_port x=" 116" y="-7" z="246" damage="1.0" arcwidth="0.3" cycletime="6.0" range="1200"/>
    <beam_port x="-116" y="-7" z="246" damage="1.0" arcwidth="0.3" cycletime="6.0" range="1200"/>
    <beam_port x=" 165" y="-35" z="-128" damage="1.0" arcwidth="0.3" cycletime="6.0" range="1200"/>
    <beam_port x="-165" y="-35" z="-128" damage="1.0" arcwidth="0.3" cycletime="6.0" range="1200"/>
	
    <engine_port x=" 136" y="-18" z="-284"/>
    <engine_port x="-136" y="-18" z="-284"/>
    <engine_port x=" 23" y="5" z="-165"/>
    <engine_port x="-23" y="5" z="-165"/>
	
    <impulse_point x=" 168" y="-27" z="-76"/>
    <impulse_point x="-168" y="-27" z="-76"/>
	
    <maneuver_point x=" 162" y="-26" z="79"/>
    <maneuver_point x="-162" y="-26" z="79"/>
	
    <long_desc text="Displacement: 25 kt. Armament: 4 medium beams. Complement: 5 fighters."/>
  </vessel>

<!-- Heavy Imperial Carrier -->

  <vessel    uniqueID="3002"    side="3"       classname="Carrier" broadType="carrier">
        <art     meshfile="star_destroyer.dxs"    diffuseFile="star_destroyer_diffuse.png"
             glowFile="star_destroyer_glow.png"    specularFile="star_destroyer_spec.png"  scale="1.1" pushRadius="600"/>
			 
	<shields front="200" back="200"/>
	
    <performance turnrate="0.003" topspeed="0.3"/>
	
    <carrierload baycount="15"/>
	
    <fleet_ai commonality="25"/>
	
    <beam_port x=" 125" y="-17" z="139" damage="2.0" arcwidth="0.3" cycletime="6.0" range="1400"/>
    <beam_port x="-125" y="-17" z="139" damage="2.0" arcwidth="0.3" cycletime="6.0" range="1400"/>
    <beam_port x=" 125" y="-18" z="6" damage="2.0" arcwidth="0.3" cycletime="6.0" range="1400"/>
    <beam_port x="-125" y="-18" z="6" damage="2.0" arcwidth="0.3" cycletime="6.0" range="1400"/>
    <beam_port x=" 117" y="-7" z="-89" damage="2.0" arcwidth="0.3" cycletime="6.0" range="1400"/>
    <beam_port x="-117" y="-7" z="-89" damage="2.0" arcwidth="0.3" cycletime="6.0" range="1400"/>
	
    <engine_port x="0" y="-1" z="-185"/>
    <engine_port x=" 97" y="-22" z="-257"/>
    <engine_port x="-97" y="-22" z="-257"/>
	
    <impulse_point x=" 82" y="9" z="149"/>
    <impulse_point x="-82" y="9" z="149"/>
	
    <maneuver_point x=" 140" y="-22" z="-166"/>
    <maneuver_point x="-140" y="-22" z="-166"/>
	
    <long_desc text="Displacement: 45 kt. Armament: 6 long-range beams. Complement: 15 fighters."/>
  </vessel>