<!-- Toranado -->
     <vessel    uniqueID="0"    side="8"       classname="Toranado" broadType="player">
    <art     meshfile="PirateStrongbow.dxs"    diffuseFile="PirateBulky_Diffuse2.png"
             glowFile="PirateBulky_Glow2.png"    specularFile="PirateBulky_Specular2.png" scale="0.20" pushRadius="150"/>
    <internal_data file="PirateStrongbow.snt"/>
    <shields front="80" back="60"/>
    <performance turnrate="0.0065" topspeed="0.6" shipefficiency="1.0" warpefficiency="1.1" jumpefficiency="1.25"/>
    <beam_port x="0.0" y="44.0" z="0.0" damage="0.5" playerdamage="1" arcwidth="1" cycletime="0.5" range="500"/><!-- Top 360 beam -->
	<beam_port x="0.0" y="-22.0" z="0.0" damage="0.5" playerdamage="1" arcwidth="1" cycletime="0.5" range="500"/><!-- Bottom 360 Beam -->
	<beam_port x="0.0" y="0.0" z="256.0" damage="20" playerdamage="40" arcwidth="0.2" cycletime="15.0" range="2000"/><!-- Big beam -->
    <torpedo_tube x="0" y="63.71" z="-33.23"/>
    <torpedo_tube x="0" y="63.71" z="-33.23"/>
	<torpedo_tube x="0" y="63.71" z="-33.23"/>
    <torpedo_tube x="0" y="63.71" z="-33.23"/>
    <torpedo_storage type="trp" amount="20"/>  <!-- Homing"-->
    <torpedo_storage type="nuk" amount="8"/>  <!-- LR Nuke-->
    <torpedo_storage type="min" amount="14"/>  <!-- Mine"-->
    <torpedo_storage type="emp" amount="12"/>  <!-- EMP"-->
    <torpedo_storage type="shk" amount="6"/>  <!-- Plasma Shock"-->
    <torpedo_storage type="bea" amount="2"/>  <!-- Beacon"-->
    <torpedo_storage type="pro" amount="2"/>  <!-- Probe"-->
    <torpedo_storage type="tag" amount="2"/>  <!-- Tag"-->
    <engine_port x="-43.07" y="20.83" z="-209.94"/>
    <engine_port x=" 43.07" y="20.83" z="-209.94"/>
    <engine_port x="0" y="36.04" z="-233.71"/>
    <engine_port x="-101.81" y="-9.80" z="-218.69"/>
    <engine_port x=" 101.81" y="-9.80" z="-218.69"/>
    <engine_port x="-175.28" y="-47.70" z="-219.93"/>
    <engine_port x=" 175.28" y="-47.70" z="-219.93"/>
    <long_desc text="Pirate Missile Cruiser^Pirate raider.^2 360 beams ^1 Heavy Artillery Beam ^4 Torpedo tubes^Stores for 20 homing, 8 nukes, 14 Mines, 12 EMP, 6 PShock, 2 Beacon, 2 Probe, 2 Tag."/>
	<carrierload baycount="2" />
  </vessel> 