<vessel    uniqueID="0"    side="0"       classname="Millennium Falcon" broadType="player Falcon">
 
    <art     meshfile="millennium_falcon.dxs"    diffuseFile="millennium_falcon_diffuse.png"
             glowFile="millennium_falcon_glow.png"    specularFile="millennium_falcon_spec.png" scale="0.20" pushRadius="150"/>
			 
    <internal_data file="millennium_falcon.snt"/>
	
    <!--
      Shielding:
      - Torplex fore deflector shield generator
      - Novaldex stasis-type shield generator (port and starboard projectors)
      - Kuat Drive Yards aft deflector shield generator
      - Nordoxicon-38 anti-concussion field generator
      - Navigational deflector system
    -->
	
    <shields front="400" back="400"/>
	
    <performance turnrate="0.009" topspeed="1.8" shipefficiency="1.5" warpefficiency="1.5" jumpefficiency="1.5"/>
	
    <!-- 2 modified Corellian Engineering Corporation AG-2G quad laser cannons -->
    <beam_port x="1.15"  y="54.61" z="-57.56" damage="2" playerdamage="1" arcwidth="1" cycletime="0.2" range="1500"/>
    <beam_port x="1.57" y="-48.47" z="-60.52" damage="2" playerdamage="1" arcwidth="1" cycletime="0.5" range="1500"/>
	
    <torpedo_tube x="11.02" y="-0.18" z="133.93"/>
    <torpedo_tube x="-9.36" y="0.62" z="133.58"/>
    <!-- 2 4-missile Arakyd ST2 concussion missile tubes -->
	
	<torpedo_storage type="trp" amount="8"/>  <!-- Homing"-->
    <torpedo_storage type="nuk" amount="0"/>  <!-- LR Nuke-->
    <torpedo_storage type="min" amount="0"/>  <!-- Mine"-->
    <torpedo_storage type="emp" amount="0"/>  <!-- EMP"-->
    <torpedo_storage type="shk" amount="0"/>  <!-- Plasma Shock"-->
    <torpedo_storage type="bea" amount="10"/>  <!-- Beacon"-->
    <torpedo_storage type="pro" amount="10"/>  <!-- Probe"-->
    <torpedo_storage type="tag" amount="10"/>  <!-- Tag"-->
	
    <engine_port x="1.58" y="2.91" z="-266.79"/>
    <engine_port x="131.99" y="2.76" z="-216.28"/>
    <engine_port x="-129.36" y="3.25" z="-215.75"/>
    <engine_port x="60.20" y="2.64" z="-257.13"/>
    <engine_port x="-66.72" y="3.14" z="-252.84"/>
    <engine_port x="-100.60" y="3.10" z="-237.93"/>
    <engine_port x="-32.67" y="3.17" z="-262.12"/>
    <engine_port x="36.95" y="3.18" z="-262.18"/>
    <engine_port x="98.59" y="3.13" z="-241.23"/>
	
    <long_desc text="Corellian YT-1300 Light Freighter^Modified to boost speed, weapons, and shields^making this ship among the fastest in the galaxy.^2 AG-2G quad laser cannons^2 8-missile ST2 missile tubes^Torplex, Novaldex, and Nordoxicon-38 shield generators"/>
  </vessel>