<!-- Tie Fighter -->
  <vessel    uniqueID="3000"    side="3"       classname="Tie Fighter" broadType="singleseat">
    <art     meshfile="mod/modles/tie_fighter.dxs"    diffuseFile="mod/textures/tie_fighter_color.png"
             glowFile="mod/textures/tie_fighter_glow.png"    specularFile="mod/textures/tie_fighter_spec.png" scale="0.04" pushRadius="400"/>
			 
    <shields front="15" back="15"/>
	
    <performance turnrate="0.01" topspeed="1.2"/>
	
    <fleet_ai commonality="100"/>
	
    <beam_port x="31" y="-85" z="88" damage="1" arcwidth="0.3" cycletime="5.0" range="800"/>
    <beam_port x="-31" y="-85" z="88" damage="1" arcwidth="0.3" cycletime="5.0" range="800"/>
	
    <engine_port x="0" y="0" z="0"/>
	
    <impulse_point x="-88" y="0" z="-98"/>
    <impulse_point x="88" y="0" z="-98"/>
	
    <maneuver_point x="-88" y="0" z="-98"/>
    <maneuver_point x="88" y="0" z="-98"/>
	
    <long_desc text="Displacement: 0.015 kt. Armament: 2 light beams."/>
  </vessel>