  <!-- Miranda -->
  <vessel    uniqueID="0"    side="0"       classname="Miranda "  broadType="player Ship">
    <art     meshfile="Miranda.dxs""    diffuseFile="fed_hr_1.png"
             glowFile="fed_hr_1_glow.png"    specularFile="fed_hr_1_spec.png" scale="0.1" pushRadius="75"/>
    <internal_data file="Miranda.snt"/>
	
    <shields front="840" back="840"/>
	
    <performance turnrate="0.0095" topspeed="0.66" shipefficiency="0.77" warpefficiency="0.77" jumpefficiency="1.0"/>
	
    <beam_port x="  80.42" y="11.91" z="129.42" damage="1" playerdamage="10" arcwidth="0.35" cycletime="11.6" range="1400"/>
	<beam_port x=" 109.19" y=" 9.47" z="102.25" damage="1" playerdamage="10" arcwidth="0.35" cycletime="11.6" range="1400"/>
	<beam_port x=" -80.42" y="11.91" z="129.42" damage="1" playerdamage="10" arcwidth="0.35" cycletime="11.6" range="1400"/>
	<beam_port x="-109.19" y=" 9.47" z="102.25" damage="1" playerdamage="10" arcwidth="0.35" cycletime="11.6" range="1400"/>
	
	<torpedo_tube x="4.03" y="-24.17" z="44.15"/>
	<torpedo_tube x="-4.03" y="-24.17" z="44.15"/>
	
	<torpedo_storage type="trp" amount="24"/>  <!-- Homing"-->
    <torpedo_storage type="nuk" amount="0"/>  <!-- LR Nuke-->
    <torpedo_storage type="min" amount="0"/>  <!-- Mine"-->
    <torpedo_storage type="emp" amount="0"/>  <!-- EMP"-->
    <torpedo_storage type="shk" amount="0"/>  <!-- Plasma Shock"-->
    <torpedo_storage type="bea" amount="10"/>  <!-- Beacon"-->
    <torpedo_storage type="pro" amount="10"/>  <!-- Probe"-->
    <torpedo_storage type="tag" amount="10"/>  <!-- Tag"-->
	
    <engine_port x="-150" y="-62" z="-284"/>
	<engine_port x="-150" y="-62" z="-284"/>
	<engine_port x="-1" y="62" z="114"/>
	
    <long_desc text="Miranda Class Destroyer^Lieutenant Grade^This is an older destroyer design^4 beams, 2 Torpedo tubes^Stores for 24 torpedoes."/>
  </vessel>