  <!-- Green Head -->
  <vessel    uniqueID="17"    side="0"       classname="GreenHead Patrol Ship "  broadType="player Ship">
    <art     meshfile="ships/GreenHead.dxs"    diffuseFile="ships/GreenHead_Diffuse.png"
             glowFile="ships/Floor_4.png"    specularFile="ships/GreenHead_Diffuse.png" scale="0.125" pushRadius="100"/>
    <internal_data file="ships/GreenHead.snt"/>
    <shields front="20" back="20"/>
    <performance turnrate="0.008" topspeed="0.5" shipefficiency="0.8" warpefficiency="0.67" jumpefficiency="0.67"/>
    <beam_port x= "1" y="5" z="291" damage="1" playerdamage="12" arcwidth="0.4" cycletime="6.0" range="1500"/>  <!-- 500 to 1000 Short Range, 1500 normal range, 2000 to 25000 Long range -->
	<torpedo_tube x="-30" y="32" z="-53"/> <!-- can not have more than 6 tubes -->
    <torpedo_tube x="27" y="35" z="48"/>
	<torpedo_storage type="trp" amount="8"/>  <!-- Homing"-->
    <torpedo_storage type="nuk" amount="0"/>  <!-- LR Nuke-->
    <torpedo_storage type="min" amount="5"/>  <!-- Mine"-->
    <torpedo_storage type="emp" amount="1"/>  <!-- EMP"-->
    <torpedo_storage type="shk" amount="8"/>  <!-- Plasma Shock"-->
    <torpedo_storage type="bea" amount="10"/>  <!-- Beacon"-->
    <torpedo_storage type="pro" amount="10"/>  <!-- Probe"-->
    <torpedo_storage type="tag" amount="10"/>  <!-- Tag"-->
    <engine_port x="-3" y="52" z="-338"/>
    <long_desc text="GreenHead^Patrol Ship^1 Standard Beam^2 Tubes ^Stores for 8 Homing, 0 Nuke, 5 Mine, 1 EMP, 8 PShock, 10 Beacon, 10 Probe, 10 Tag."/>
  </vessel>