<!-- Bucephalus -->
   <vessel    uniqueID="18"    side="0"       classname="Bucephalus Dreadnought" broadType="player">
    <art     meshfile="ships/Bucephalus.dxs"    diffuseFile="ships/stationA_wings_diffuse.png"
             glowFile="ships/stationA_wings_illum.png"    specularFile="ships/stationA_wings_specular.png" scale="0.36" pushRadius="250"/>
    <internal_data file="ships/Bucephalus.snt"/>
    <shields front="240" back="240"/>
    <performance turnrate="0.002" topspeed="0.8" shipefficiency="0.25" warpefficiency="0.33" jumpefficiency="0.33"/>
    <beam_port x="0.00" y="-17" z="617.00" damage="1.0" playerdamage="12" arcwidth="0.05" cycletime="6.0" range="2000"/>
	<beam_port x="0.00" y="-17" z="617.00" damage="1.0" playerdamage="12" arcwidth="0.05" cycletime="6.0" range="2000"/>
	<beam_port x="0.00" y="-17" z="617.00" damage="1.0" playerdamage="12" arcwidth="0.05" cycletime="6.0" range="2000"/>
	<beam_port x="0.00" y="-31.00" z="384.00" damage="0.5" playerdamage="6.0" arcwidth="1.0" cycletime="3.0" range="667"/>
	<beam_port x="0.00" y="-31.00" z="384.00" damage="0.5" playerdamage="6.0" arcwidth="1.0" cycletime="3.0" range="667"/>
	<beam_port x="0.00" y="-31.00" z="384.00" damage="0.5" playerdamage="6.0" arcwidth="1.0" cycletime="3.0" range="667"/>
    <torpedo_tube x="212" y="0" z="312"/>
	<torpedo_tube x="128" y="0" z="402"/>
	<torpedo_tube x="-131" y="0" z="398"/>
	<torpedo_tube x="-212" y="0" z="316"/>
    <torpedo_storage type="trp" amount="32"/>  <!-- Homing"-->
    <torpedo_storage type="nuk" amount="8"/>  <!-- LR Nuke-->
    <torpedo_storage type="min" amount="24"/>  <!-- Mine"-->
    <torpedo_storage type="emp" amount="16"/>  <!-- EMP"-->
    <torpedo_storage type="shk" amount="16"/>  <!-- Plasma Shock"-->
    <torpedo_storage type="bea" amount="16"/>  <!-- Beacon"-->
    <torpedo_storage type="pro" amount="32"/>  <!-- Probe"-->
    <torpedo_storage type="tag" amount="16"/>  <!-- Tag"-->
    <engine_port x="120" y="0" z="-450"/>
   <engine_port x="84" y="0" z="-510"/>
    <engine_port x="-92" y="0" z="-502"/>
   <engine_port x="-130" y="0" z="-463"/>
   <carrierload baycount="3"/>
    <long_desc text="Bucephalus^Dreadnought Class.^3 Focused Long Beam, 3 Close Rapid Fire Turrets^4 Torpedo tube ^3 Fighter Bays^Stores for 32 Homing, 8 Nuke, 24 Mine, 16 EMP, 16 PShock, 16 Beacon, 32 Probe, 16 Tag."/>
  </vessel>